{
  "env_id": "LunarLander-v3",
  "policy_mode": "q_table",
  "episodes": 10,
  "max_steps_per_episode": 10,
  "episode_rewards": [
    -5.0056743595463065,
    11.317411333054824,
    -15.894997688525914,
    -0.30540368192384015,
    -12.248334536883645,
    -19.494318430777064,
    -18.70815553815885,
    -15.13684479144547,
    -15.351077581612227,
    -11.053564639942948
  ],
  "episode_steps": [
    10,
    10,
    10,
    10,
    10,
    10,
    10,
    10,
    10,
    10
  ],
  "mean_reward": -10.188095991576144,
  "best_reward": 11.317411333054824
}
