{
  "env_id": "LunarLander-v3",
  "policy_mode": "brain",
  "episodes": 10,
  "max_steps_per_episode": 10,
  "episode_rewards": [
    -12.451432018640174,
    1.4936929237580001,
    -11.884092486919762,
    -13.873286149333008,
    -24.45433207731344,
    -6.296595533432615,
    3.406407127813468,
    -13.407721165051413,
    -13.364594211183627,
    -15.28464263281265
  ],
  "episode_steps": [
    10,
    10,
    10,
    10,
    10,
    10,
    10,
    10,
    10,
    10
  ],
  "mean_reward": -10.611659622311523,
  "best_reward": 3.406407127813468
}
