{
  "env_id": "LunarLander-v3",
  "policy_mode": "ppo",
  "episodes": 5,
  "max_steps_per_episode": 200,
  "episode_rewards": [
    -209.80134807550363,
    -178.4684340273781,
    -216.3140649364176,
    -161.28196582000194,
    -115.95014284891539
  ],
  "episode_steps": [
    77,
    200,
    88,
    87,
    200
  ],
  "mean_reward": -176.3631911416433,
  "best_reward": -115.95014284891539
}
