{
  "env_id": "LunarLander-v3",
  "policy_mode": "ppo",
  "episodes": 10,
  "max_steps_per_episode": 200,
  "episode_rewards": [
    -336.2371163751104,
    -337.2008588903702,
    -399.4018255588131,
    -438.8967642595888,
    -112.89636366017092,
    -509.77781033741064,
    -437.4191448095745,
    -199.09563669250082,
    -402.6253319634579,
    -400.7677493524842
  ],
  "episode_steps": [
    93,
    70,
    62,
    80,
    88,
    72,
    53,
    84,
    56,
    55
  ],
  "mean_reward": -357.43186018994817,
  "best_reward": -112.89636366017092
}
