{
  "env_id": "LunarLander-v3",
  "policy_mode": "q_table",
  "episodes": 10,
  "max_steps_per_episode": 10,
  "episode_rewards": [
    -2.718831736441946,
    -8.230628033194119,
    -5.936427111544609,
    9.677651161487532,
    -1.480213475405531,
    -5.3411784571048155,
    9.79723434013522,
    -14.22897240568929,
    5.571226756921022,
    -11.750596078669275
  ],
  "episode_steps": [
    10,
    10,
    10,
    10,
    10,
    10,
    10,
    10,
    10,
    10
  ],
  "mean_reward": -2.4640735039505812,
  "best_reward": 9.79723434013522
}
