{
  "env_id": "LunarLander-v3",
  "policy_mode": "brain",
  "episodes": 10,
  "max_steps_per_episode": 10,
  "episode_rewards": [
    -12.8548189499423,
    -13.594443204911453,
    1.497186733307765,
    -11.742828026443243,
    -5.528287626989868,
    9.103051834624065,
    -20.789805640917866,
    -7.412541394795938,
    -8.456714485900429,
    8.805937089859947
  ],
  "episode_steps": [
    10,
    10,
    10,
    10,
    10,
    10,
    10,
    10,
    10,
    10
  ],
  "mean_reward": -6.097326367210932,
  "best_reward": 9.103051834624065
}
