{
  "env_id": "LunarLander-v3",
  "policy_mode": "brain",
  "episodes": 10,
  "max_steps_per_episode": 10,
  "episode_rewards": [
    -2.178237918164966,
    7.139594974412901,
    -12.554997161938765,
    -2.1754850942556248,
    -3.7644764925240706,
    -4.086024133331084,
    -19.41677773369778,
    -11.032082421028369,
    -4.16785324973109,
    -17.7100300243959
  ],
  "episode_steps": [
    10,
    10,
    10,
    10,
    10,
    10,
    10,
    10,
    10,
    10
  ],
  "mean_reward": -6.994636925465474,
  "best_reward": 7.139594974412901
}
