{
  "env_id": "LunarLander-v3",
  "policy_mode": "brain",
  "episodes": 10,
  "max_steps_per_episode": 10,
  "episode_rewards": [
    -5.489938351742146,
    -16.323466320901286,
    -9.531235802098697,
    -4.314867072759182,
    -7.62009510055373,
    -10.450532161760256,
    -10.685341798749818,
    -12.667356541921565,
    6.927853953730901,
    -1.7468529870028464
  ],
  "episode_steps": [
    10,
    10,
    10,
    10,
    10,
    10,
    10,
    10,
    10,
    10
  ],
  "mean_reward": -7.1901832183758625,
  "best_reward": 6.927853953730901
}
