{
  "env_id": "LunarLander-v3",
  "policy_mode": "brain",
  "episodes": 10,
  "max_steps_per_episode": 100,
  "episode_rewards": [
    -366.88326203479255,
    -466.97647349705414,
    -238.20096381846008,
    -266.687516352124,
    -304.8649705063915,
    -444.68869355048724,
    -366.1447970237743,
    -360.56510962488676,
    -81.80360543505812,
    -281.1611901352544
  ],
  "episode_steps": [
    92,
    93,
    100,
    100,
    86,
    87,
    80,
    91,
    78,
    100
  ],
  "mean_reward": -317.79765819782835,
  "best_reward": -81.80360543505812
}
