{
  "env_id": "LunarLander-v3",
  "policy_mode": "brain",
  "episodes": 10,
  "max_steps_per_episode": 100,
  "episode_rewards": [
    -329.6071317951598,
    -211.6293381123481,
    -518.7769653749267,
    -549.402610301255,
    -230.81856289108896,
    -466.48928048310245,
    -308.2513066202771,
    -410.39148855461224,
    -367.944529474513,
    -191.93621220565788
  ],
  "episode_steps": [
    68,
    81,
    91,
    89,
    93,
    97,
    67,
    81,
    81,
    100
  ],
  "mean_reward": -358.52474258129416,
  "best_reward": -191.93621220565788
}
