{
  "env_id": "LunarLander-v3",
  "policy_mode": "q_table",
  "episodes": 10,
  "max_steps_per_episode": 100,
  "episode_rewards": [
    -187.19646968583982,
    -138.1557936286538,
    -115.96492206357837,
    -147.41658316895672,
    -142.49669648962615,
    -168.61497018642746,
    -135.81856163775012,
    -119.45395101945446,
    -138.53605310340765,
    -130.80472268458814
  ],
  "episode_steps": [
    95,
    57,
    53,
    88,
    65,
    91,
    77,
    81,
    77,
    59
  ],
  "mean_reward": -142.44587236682827,
  "best_reward": -115.96492206357837
}
