{
  "env_id": "LunarLander-v3",
  "policy_mode": "brain",
  "episodes": 10,
  "max_steps_per_episode": 10,
  "episode_rewards": [
    -6.063618685956708,
    -11.547698896474557,
    -5.110387313454787,
    1.8604745537437235,
    -1.767627561109529,
    3.762611603457228,
    -19.912416418878152,
    -3.95925884989882,
    -3.858541786338429,
    -11.195754824852415
  ],
  "episode_steps": [
    10,
    10,
    10,
    10,
    10,
    10,
    10,
    10,
    10,
    10
  ],
  "mean_reward": -5.779221817976245,
  "best_reward": 3.762611603457228
}
