{
  "env_id": "LunarLander-v3",
  "policy_mode": "brain",
  "episodes": 10,
  "max_steps_per_episode": 10,
  "episode_rewards": [
    -8.06067402086017,
    -22.28784259430187,
    -18.08127490583434,
    -22.62607852319644,
    0.18777745105885857,
    -8.594810081343487,
    -0.6546342978009831,
    1.6357615310310802,
    5.297589445413492,
    -19.362818332269278
  ],
  "episode_steps": [
    10,
    10,
    10,
    10,
    10,
    10,
    10,
    10,
    10,
    10
  ],
  "mean_reward": -9.254700432810314,
  "best_reward": 5.297589445413492
}
