{
  "env_id": "LunarLander-v3",
  "policy_mode": "ppo",
  "episodes": 10,
  "max_steps_per_episode": 200,
  "episode_rewards": [
    -962.2389417347791,
    -204.63585254764382,
    -104.35449170579997,
    -387.397877703269,
    -384.8279646462475,
    -134.49129991858624,
    -561.0823066417684,
    -147.20469775759457,
    -135.9449248858398,
    -427.26039420918795
  ],
  "episode_steps": [
    130,
    83,
    87,
    78,
    58,
    57,
    72,
    60,
    83,
    103
  ],
  "mean_reward": -344.94387517507164,
  "best_reward": -104.35449170579997
}
