{
  "env_id": "LunarLander-v3",
  "policy_mode": "ppo",
  "episodes": 10,
  "max_steps_per_episode": 200,
  "episode_rewards": [
    -788.2125574354152,
    -541.7141545976152,
    -580.7505903937308,
    -384.6158597691441,
    -554.0694086086186,
    -619.542836952553,
    -359.30022937896683,
    -400.68510970352156,
    -779.5806806593948,
    -470.3411759066113
  ],
  "episode_steps": [
    88,
    58,
    75,
    50,
    58,
    66,
    51,
    57,
    73,
    68
  ],
  "mean_reward": -547.8812603405571,
  "best_reward": -359.30022937896683
}
