{
  "env_id": "LunarLander-v3",
  "policy_mode": "brain",
  "episodes": 10,
  "max_steps_per_episode": 100,
  "episode_rewards": [
    -380.1199349158236,
    -10.030764963458779,
    -113.66746672801014,
    -353.5059903163027,
    -423.31753541630087,
    -157.62113261632337,
    -170.53990416452933,
    -162.83459560394772,
    -549.8961987900639,
    -196.09181011949653
  ],
  "episode_steps": [
    93,
    72,
    64,
    95,
    89,
    83,
    100,
    63,
    84,
    100
  ],
  "mean_reward": -251.7625333634257,
  "best_reward": -10.030764963458779
}
