{
  "env_id": "Pendulum-v1",
  "policy_mode": "brain",
  "episodes": 10,
  "max_steps_per_episode": 10,
  "episode_rewards": [
    -66.56859294236182,
    -38.52976566728362,
    -61.012711582383226,
    -46.21395051736961,
    -11.290875617588632,
    -9.006921468495012,
    -48.636829990670506,
    -90.7723359542848,
    -80.08325420196351,
    -8.009032872182795
  ],
  "episode_steps": [
    10,
    10,
    10,
    10,
    10,
    10,
    10,
    10,
    10,
    10
  ],
  "mean_reward": -46.012427081458355,
  "best_reward": -8.009032872182795
}
