{
  "env_id": "Pendulum-v1",
  "policy_mode": "brain",
  "episodes": 10,
  "max_steps_per_episode": 10,
  "episode_rewards": [
    -85.5917876932015,
    -7.241433208277898,
    -45.18930802681239,
    -22.64462946848581,
    -94.48257999749025,
    -66.80734904186367,
    -19.977054321918878,
    -63.79288253664389,
    -63.9103507588827,
    -2.6562714744954534
  ],
  "episode_steps": [
    10,
    10,
    10,
    10,
    10,
    10,
    10,
    10,
    10,
    10
  ],
  "mean_reward": -47.22936465280724,
  "best_reward": -2.6562714744954534
}
