{
  "env_id": "Pendulum-v1",
  "policy_mode": "brain",
  "episodes": 5,
  "max_steps_per_episode": 50,
  "episode_rewards": [
    -355.4902029789568,
    -125.49085714303453,
    -343.0843634679218,
    -465.69632895875986,
    -412.1981183447384
  ],
  "episode_steps": [
    50,
    50,
    50,
    50,
    50
  ],
  "mean_reward": -340.3919741786823,
  "best_reward": -125.49085714303453
}
