{
  "env_id": "Pendulum-v1",
  "policy_mode": "brain",
  "episodes": 10,
  "max_steps_per_episode": 10,
  "episode_rewards": [
    -76.38925702545127,
    -58.35957130863342,
    -59.13778194910805,
    -64.2872527229711,
    -27.140389070114807,
    -0.4134959290770521,
    -72.36444616923995,
    -78.40563594714406,
    -73.289001181612,
    -62.30452607154862
  ],
  "episode_steps": [
    10,
    10,
    10,
    10,
    10,
    10,
    10,
    10,
    10,
    10
  ],
  "mean_reward": -57.20913573749003,
  "best_reward": -0.4134959290770521
}
