{
  "env_id": "Pendulum-v1",
  "policy_mode": "ppo",
  "episodes": 5,
  "max_steps_per_episode": 200,
  "episode_rewards": [
    -1265.043399905268,
    -1297.0700561844883,
    -1068.9548736238685,
    -1527.4671898075205,
    -1530.6987276636444
  ],
  "episode_steps": [
    200,
    200,
    200,
    200,
    200
  ],
  "mean_reward": -1337.8468494369579,
  "best_reward": -1068.9548736238685
}
