{
  "env_id": "Pendulum-v1",
  "policy_mode": "brain",
  "episodes": 10,
  "max_steps_per_episode": 100,
  "episode_rewards": [
    -779.7609660171894,
    -741.6532359087918,
    -252.09770818817606,
    -419.3894639072053,
    -716.2971731715297,
    -662.1770410605247,
    -588.0604219616284,
    -580.4176662683977,
    -374.5972398442038,
    -374.9183084633916
  ],
  "episode_steps": [
    100,
    100,
    100,
    100,
    100,
    100,
    100,
    100,
    100,
    100
  ],
  "mean_reward": -548.9369224791038,
  "best_reward": -252.09770818817606
}
