{
  "env_id": "Pendulum-v1",
  "policy_mode": "brain",
  "episodes": 10,
  "max_steps_per_episode": 10,
  "episode_rewards": [
    -88.00792232612628,
    -28.403683634159286,
    -0.026188176525982546,
    -53.79803936861058,
    -86.1181896712558,
    -56.83507638602036,
    -37.15947277211976,
    -76.98054343190006,
    -76.37949287815935,
    -28.906109214780003
  ],
  "episode_steps": [
    10,
    10,
    10,
    10,
    10,
    10,
    10,
    10,
    10,
    10
  ],
  "mean_reward": -53.26147178596575,
  "best_reward": -0.026188176525982546
}
