{
  "env_id": "Pendulum-v1",
  "policy_mode": "brain",
  "episodes": 5,
  "max_steps_per_episode": 50,
  "episode_rewards": [
    -125.6344644165258,
    -412.31387537273633,
    -369.6512403279311,
    -245.0788434750305,
    -283.0549933220366
  ],
  "episode_steps": [
    50,
    50,
    50,
    50,
    50
  ],
  "mean_reward": -287.1466833828521,
  "best_reward": -125.6344644165258
}
