{
  "env_id": "Pendulum-v1",
  "policy_mode": "ppo",
  "episodes": 10,
  "max_steps_per_episode": 200,
  "episode_rewards": [
    -630.6389075408334,
    -1542.3194137720632,
    -1024.1311173113843,
    -829.3919985556334,
    -1619.1720656934992,
    -1699.452429450527,
    -1257.8316244468997,
    -745.5595893884023,
    -862.8066668013792,
    -1889.5237298804086
  ],
  "episode_steps": [
    200,
    200,
    200,
    200,
    200,
    200,
    200,
    200,
    200,
    200
  ],
  "mean_reward": -1210.082754284103,
  "best_reward": -630.6389075408334
}
