{
  "env_id": "Pendulum-v1",
  "policy_mode": "brain",
  "episodes": 10,
  "max_steps_per_episode": 10,
  "episode_rewards": [
    -90.11775795219056,
    -75.57020467741171,
    -79.80535188850257,
    -82.21270188346878,
    -63.280466944606886,
    -49.7396307435301,
    -45.308696160504745,
    -34.530102051040274,
    -33.30524062829672,
    -65.53292040014715
  ],
  "episode_steps": [
    10,
    10,
    10,
    10,
    10,
    10,
    10,
    10,
    10,
    10
  ],
  "mean_reward": -61.94030733296995,
  "best_reward": -33.30524062829672
}
