{
  "env_id": "Pendulum-v1",
  "policy_mode": "brain",
  "episodes": 5,
  "max_steps_per_episode": 50,
  "episode_rewards": [
    -312.55957037881615,
    -246.8933343867751,
    -276.3530036809552,
    -250.864976177737,
    -129.81165808763092
  ],
  "episode_steps": [
    50,
    50,
    50,
    50,
    50
  ],
  "mean_reward": -243.2965085423829,
  "best_reward": -129.81165808763092
}
