{
  "env_id": "Pendulum-v1",
  "policy_mode": "brain",
  "episodes": 10,
  "max_steps_per_episode": 100,
  "episode_rewards": [
    -703.9452531640211,
    -497.59905217427234,
    -266.6280069406868,
    -583.7143378276002,
    -482.72669325861335,
    -820.2217077733557,
    -259.82621304096415,
    -585.058585936361,
    -757.64689298274,
    -676.3290859828082
  ],
  "episode_steps": [
    100,
    100,
    100,
    100,
    100,
    100,
    100,
    100,
    100,
    100
  ],
  "mean_reward": -563.3695829081423,
  "best_reward": -259.82621304096415
}
