{
  "env_id": "Pendulum-v1",
  "policy_mode": "ppo",
  "episodes": 10,
  "max_steps_per_episode": 200,
  "episode_rewards": [
    -1103.0469929869396,
    -969.4311283771756,
    -766.0505781791968,
    -825.097103007875,
    -969.9114916156409,
    -1458.549932640463,
    -1816.931827811347,
    -1179.7561843816313,
    -1768.766381422082,
    -724.8819956814574
  ],
  "episode_steps": [
    200,
    200,
    200,
    200,
    200,
    200,
    200,
    200,
    200,
    200
  ],
  "mean_reward": -1158.2423616103808,
  "best_reward": -724.8819956814574
}
