{
  "env_id": "Pendulum-v1",
  "policy_mode": "ppo",
  "episodes": 10,
  "max_steps_per_episode": 200,
  "episode_rewards": [
    -858.7568521108728,
    -835.4339906619425,
    -1781.5588229741456,
    -1295.4923086602307,
    -1440.1936452650884,
    -1612.414516350597,
    -1072.226513162877,
    -1260.3982991778448,
    -1166.6397569728365,
    -1436.4985812783639
  ],
  "episode_steps": [
    200,
    200,
    200,
    200,
    200,
    200,
    200,
    200,
    200,
    200
  ],
  "mean_reward": -1275.96132866148,
  "best_reward": -835.4339906619425
}
