{
  "env_id": "Pendulum-v1",
  "policy_mode": "brain",
  "episodes": 10,
  "max_steps_per_episode": 100,
  "episode_rewards": [
    -410.1657506053186,
    -717.6122256581305,
    -795.2722183153215,
    -870.6512405379038,
    -574.3168441549956,
    -371.41469679159786,
    -892.3069483279505,
    -485.4774862793118,
    -713.7723873511803,
    -646.5572030306711
  ],
  "episode_steps": [
    100,
    100,
    100,
    100,
    100,
    100,
    100,
    100,
    100,
    100
  ],
  "mean_reward": -647.7547001052382,
  "best_reward": -371.41469679159786
}
