{
  "env_id": "Pendulum-v1",
  "policy_mode": "brain",
  "episodes": 10,
  "max_steps_per_episode": 10,
  "episode_rewards": [
    -79.6759239505172,
    -1.3849814249977934,
    -0.16311366323483412,
    -22.083481650385835,
    -94.18906043642642,
    -49.96973186838592,
    -55.21910860246666,
    -1.1871379757039995,
    -3.3106418908243374,
    -64.71666913883308
  ],
  "episode_steps": [
    10,
    10,
    10,
    10,
    10,
    10,
    10,
    10,
    10,
    10
  ],
  "mean_reward": -37.18998506017761,
  "best_reward": -0.16311366323483412
}
