{
  "env_id": "TradingEnv",
  "episodes": 10,
  "max_steps_per_episode": 200,
  "episode_rewards": [
    0.012496249214474932,
    0.021487344976047172,
    0.25753645874550657,
    0.13331249285075086,
    0.3626956712109688,
    0.05625884482153144,
    0.2895751446674565,
    0.1696765309167949,
    0.20469787781386228,
    0.38732653186251936
  ],
  "episode_steps": [
    200,
    200,
    200,
    200,
    200,
    200,
    200,
    200,
    200,
    200
  ],
  "mean_reward": 0.18950631470799129,
  "best_reward": 0.38732653186251936
}
