{
  "env_id": "LunarLander-v3",
  "episodes": 200,
  "max_steps_per_episode": 200,
  "episode_rewards": [
    -47.46849356098542,
    -56.86656155616589,
    -81.64550936192458,
    -63.90307325006398,
    -24.25493410365704,
    -33.49474935471393,
    -73.7374381212149,
    -64.89611656954578,
    -57.29601903114646,
    -5.648503827876853,
    -52.81179593038112,
    -68.02104351447598,
    -58.32333694480225,
    -50.24530588729218,
    -8.735973870141972,
    -45.92274665985608,
    -4.562097088904018,
    -92.21679915711881,
    -17.175061618144753,
    -54.92008592178628,
    -44.09941853568198,
    -52.12812869139437,
    -64.86587828249195,
    -54.602504728516855,
    -55.042851786495206,
    -13.957655197605217,
    -46.60582438410637,
    -28.51442159583833,
    -2.983517143682036,
    -4.558171986885553,
    -16.40388711200937,
    -75.0316691975292,
    -42.28307937268737,
    -12.589211046002056,
    -6.246535123285998,
    -40.12032127121803,
    -54.286419994247254,
    -0.7622741853176764,
    -18.640574602219697,
    -52.60463569383028,
    -58.60069694263894,
    -45.74981910622427,
    6.903431296776129,
    -35.77357590252341,
    -16.715246073821184,
    -13.46767401019682,
    -25.54576308926418,
    -12.875759903687904,
    -40.85630750923223,
    -13.739853749231983,
    -27.84825905155717,
    -65.53426847349436,
    -22.3109862027627,
    -25.80370170520366,
    -23.147498897900167,
    -57.95072038819176,
    -31.430273448921547,
    -61.128725794586174,
    -35.75904654154749,
    -49.173605255916044,
    -35.56318517386702,
    -83.72018096586967,
    -51.77501969504043,
    -35.11856595901513,
    -24.936189533930236,
    -38.560566253330514,
    -32.85910430250658,
    -19.132913968047284,
    -43.94955677305468,
    -34.77125654029706,
    -1.7003288377575232,
    -2.940527637694061,
    -28.227382710696283,
    -9.58927138139358,
    -48.316604118433865,
    -33.187653839591675,
    -9.971799033672347,
    -62.25748004793927,
    -86.29253712204162,
    -30.139937402968553,
    -67.14882991494494,
    -42.260857997529826,
    -27.222319265654377,
    -44.23470793385371,
    -43.90429625313576,
    -21.72324227293372,
    -48.853767336989044,
    -39.446719746150606,
    -22.64133961638397,
    -31.900736511080275,
    -70.28979276384203,
    -71.63108713904437,
    -32.491533912139474,
    -61.977226952777976,
    6.7779084363556015,
    -32.03864350534925,
    -57.29426130230773,
    -22.507904055739388,
    -18.897115984297645,
    -78.36738978437425,
    -41.628213082849385,
    -11.910433840308368,
    -45.12300476222943,
    -51.09629518513356,
    -71.18827185286024,
    -36.863291346726626,
    -35.884231648986656,
    -30.98409497470947,
    -54.581730307826376,
    -77.96370797362975,
    1.043084805165587,
    -34.873438559950195,
    -41.29452535899366,
    -59.216205948047254,
    -48.631129368299334,
    -14.887980560698468,
    -45.9623947792438,
    -3.2758183444398123,
    -19.280725847806195,
    -39.4698535629218,
    -53.649740758107065,
    -7.962183598383342,
    -25.864304235028715,
    -68.11497708328528,
    -47.68240070500313,
    -87.77652012317468,
    -26.313151698866374,
    -56.92922384520858,
    -39.37767030533018,
    -31.43254881496045,
    -14.51522261260593,
    -2.373771802020833,
    -45.56822270344428,
    -17.259427272610452,
    -46.722928738602434,
    -26.203399762578385,
    -64.57335146774712,
    -7.294617264249928,
    -30.1534978286522,
    -20.052324341315355,
    -38.58220514426105,
    -42.681169834894575,
    -57.56365624310786,
    -49.745351432074656,
    -55.90388726986891,
    -44.41616064941064,
    -49.325184185125,
    -65.60794787941664,
    -28.558149285023465,
    -15.021183493583482,
    -62.639317286983335,
    -63.936073398268604,
    -27.85850750732309,
    -30.92405233900198,
    -16.974454034327504,
    -31.214004094092523,
    -58.41165854057116,
    -47.90689263482614,
    -5.466678537464052,
    -6.896433080464449,
    -36.198225580903745,
    -19.418567987807947,
    -31.847952283967025,
    -34.902921521372136,
    -4.486893243664842,
    -41.093174492977795,
    -61.48135081143313,
    -40.08167708414423,
    -18.326281848413693,
    -27.11961258695998,
    -57.16513159618793,
    -34.644199375853596,
    -52.903318597939084,
    -4.714727038433246,
    -41.2003316682431,
    -6.625148258555033,
    -51.19596070570317,
    -6.544996038072016,
    -14.032071069989717,
    -45.689359410662014,
    -15.157230004412616,
    -32.553753044200036,
    -35.82902514198473,
    -51.2401815789809,
    -39.97404363254951,
    -19.401645546050194,
    -59.50281863253316,
    -36.182619843395116,
    -62.170908070757434,
    -14.297224730721798,
    -24.40769472862551,
    -6.245766341908533,
    -46.205550386607754,
    -45.867449524212454,
    -48.83140464766834,
    -11.173220175218766,
    -55.33600500743399,
    -55.88361011815677,
    -32.28283866417968,
    -25.646927981378358
  ],
  "episode_steps": [
    200,
    200,
    200,
    200,
    200,
    200,
    200,
    200,
    200,
    200,
    200,
    200,
    200,
    200,
    200,
    200,
    200,
    200,
    200,
    200,
    200,
    200,
    200,
    200,
    200,
    200,
    200,
    200,
    200,
    200,
    200,
    200,
    200,
    200,
    200,
    200,
    200,
    200,
    200,
    200,
    200,
    200,
    200,
    200,
    200,
    200,
    200,
    200,
    200,
    200,
    200,
    200,
    200,
    200,
    200,
    200,
    200,
    200,
    200,
    200,
    200,
    200,
    200,
    200,
    200,
    200,
    200,
    200,
    200,
    200,
    200,
    200,
    200,
    200,
    200,
    200,
    200,
    200,
    200,
    200,
    200,
    200,
    200,
    200,
    200,
    200,
    200,
    200,
    200,
    200,
    200,
    200,
    200,
    200,
    200,
    200,
    200,
    200,
    200,
    200,
    200,
    200,
    200,
    200,
    200,
    200,
    200,
    200,
    200,
    200,
    200,
    200,
    200,
    200,
    200,
    200,
    200,
    200,
    200,
    200,
    200,
    200,
    200,
    200,
    200,
    200,
    200,
    200,
    200,
    200,
    200,
    200,
    200,
    200,
    200,
    200,
    200,
    200,
    200,
    200,
    200,
    200,
    200,
    200,
    200,
    200,
    200,
    200,
    200,
    200,
    200,
    200,
    200,
    200,
    200,
    200,
    200,
    200,
    200,
    200,
    200,
    200,
    200,
    200,
    200,
    200,
    200,
    200,
    200,
    200,
    200,
    200,
    200,
    200,
    200,
    200,
    200,
    200,
    200,
    200,
    200,
    200,
    200,
    200,
    200,
    200,
    200,
    200,
    200,
    200,
    200,
    200,
    200,
    200,
    200,
    200,
    200,
    200,
    200,
    200
  ],
  "mean_reward": -37.38215717227353,
  "best_reward": 6.903431296776129
}
