{
  "env_id": "Pendulum-v1",
  "episodes": 1,
  "max_steps_per_episode": 200,
  "episode_rewards": [
    -862.4791573355614
  ],
  "episode_steps": [
    200
  ],
  "mean_reward": -862.4791573355614,
  "best_reward": -862.4791573355614
}
