{
  "env_id": "LunarLander-v3",
  "episodes": 10,
  "max_steps_per_episode": 200,
  "episode_rewards": [
    -419.0449935788845,
    -612.2041699453827,
    -552.3170263260713,
    -481.92076217273933,
    -584.646496446994,
    -662.2019873916307,
    -534.0185162603051,
    -618.1867561873844,
    -495.6122730010535,
    -669.8368990025398
  ],
  "episode_steps": [
    51,
    64,
    54,
    65,
    57,
    65,
    73,
    77,
    67,
    80
  ],
  "mean_reward": -562.9989880312985,
  "best_reward": -419.0449935788845
}
