{
  "env_id": "Pendulum-v1",
  "policy_mode": "brain",
  "episodes": 1,
  "max_steps_per_episode": 200,
  "episode_rewards": [
    -1405.8508400563833
  ],
  "episode_steps": [
    200
  ],
  "mean_reward": -1405.8508400563833,
  "best_reward": -1405.8508400563833
}
