{
  "env_id": "LunarLander-v3",
  "policy_mode": "brain",
  "episodes": 5,
  "max_steps_per_episode": 10,
  "episode_rewards": [
    -6.517672181764748,
    -11.732917480221252,
    -17.355836534645064,
    -15.387729111224271,
    0.24478939702812363
  ],
  "episode_steps": [
    10,
    10,
    10,
    10,
    10
  ],
  "mean_reward": -10.149873182165441,
  "best_reward": 0.24478939702812363
}
