{
  "env_id": "LunarLander-v3",
  "episodes": 1,
  "max_steps_per_episode": 200,
  "episode_rewards": [
    -695.1417800333055
  ],
  "episode_steps": [
    74
  ],
  "mean_reward": -695.1417800333055,
  "best_reward": -695.1417800333055
}
