{
  "env_id": "LunarLander-v3",
  "policy_mode": "brain",
  "episodes": 5,
  "max_steps_per_episode": 1000,
  "episode_rewards": [
    -361.4425315704136,
    -422.4952500245973,
    -506.8913148858679,
    -355.94507897977894,
    -498.9785335289003
  ],
  "episode_steps": [
    77,
    99,
    111,
    75,
    121
  ],
  "mean_reward": -429.1505417979116,
  "best_reward": -355.94507897977894
}
