{
  "env_id": "Pendulum-v1",
  "policy_mode": "brain",
  "episodes": 1,
  "max_steps_per_episode": 200,
  "episode_rewards": [
    -778.641159770962
  ],
  "episode_steps": [
    200
  ],
  "mean_reward": -778.641159770962,
  "best_reward": -778.641159770962
}
