{
  "env_id": "TradingEnv",
  "policy_mode": "brain",
  "episodes": 1,
  "max_steps_per_episode": 200,
  "episode_rewards": [
    0.05868055693616266
  ],
  "episode_steps": [
    200
  ],
  "mean_reward": 0.05868055693616266,
  "best_reward": 0.05868055693616266
}
