{
  "env_id": "LunarLander-v3",
  "episodes": 1,
  "max_steps_per_episode": 200,
  "episode_rewards": [
    -92.99710943271756
  ],
  "episode_steps": [
    89
  ],
  "mean_reward": -92.99710943271756,
  "best_reward": -92.99710943271756
}
