{
  "env_id": "TradingEnv",
  "policy_mode": "brain",
  "episodes": 5,
  "max_steps_per_episode": 200,
  "episode_rewards": [
    0.05868055693616266,
    0.14524339832194907,
    0.09226131524424645,
    0.3467320536893128,
    0.22687302667687986
  ],
  "episode_steps": [
    200,
    200,
    200,
    200,
    200
  ],
  "mean_reward": 0.17395807017371018,
  "best_reward": 0.3467320536893128
}
