{
  "env_id": "Pendulum-v1",
  "policy_mode": "brain",
  "episodes": 5,
  "max_steps_per_episode": 200,
  "episode_rewards": [
    -1747.858916487143,
    -1753.3227359773184,
    -1353.1255510020276,
    -749.3267728468895,
    -1318.5705001932008
  ],
  "episode_steps": [
    200,
    200,
    200,
    200,
    200
  ],
  "mean_reward": -1384.4408953013158,
  "best_reward": -749.3267728468895
}
