{
  "env_id": "Pendulum-v1",
  "episodes": 1,
  "max_steps_per_episode": 200,
  "episode_rewards": [
    -1593.480693474406
  ],
  "episode_steps": [
    200
  ],
  "mean_reward": -1593.480693474406,
  "best_reward": -1593.480693474406
}
