{
  "env_id": "Pendulum-v1",
  "policy_mode": "brain",
  "episodes": 5,
  "max_steps_per_episode": 200,
  "episode_rewards": [
    -1282.1304167055555,
    -622.0992588114426,
    -1569.2169296188483,
    -1442.796609173392,
    -1392.0773124546292
  ],
  "episode_steps": [
    200,
    200,
    200,
    200,
    200
  ],
  "mean_reward": -1261.6641053527735,
  "best_reward": -622.0992588114426
}
