{
  "env_id": "TradingEnv",
  "episodes": 10,
  "max_steps_per_episode": 200,
  "episode_rewards": [
    0.0,
    -0.00010000500033334732,
    -0.00010000500033334732,
    -0.00010001500233384756,
    0.0,
    -0.00010001500233384756,
    -0.00010001500233384756,
    -0.00010000500033334732,
    -0.00010001500233384756,
    -0.00010000500033334732
  ],
  "episode_steps": [
    200,
    200,
    200,
    200,
    200,
    200,
    200,
    200,
    200,
    200
  ],
  "mean_reward": -8.000800106687796e-05,
  "best_reward": 0.0
}
