{
  "env_id": "LunarLander-v3",
  "episodes": 1,
  "max_steps_per_episode": 200,
  "episode_rewards": [
    -155.8561048305623
  ],
  "episode_steps": [
    59
  ],
  "mean_reward": -155.8561048305623,
  "best_reward": -155.8561048305623
}
