{
  "env_id": "Pendulum-v1",
  "policy_mode": "brain",
  "episodes": 5,
  "max_steps_per_episode": 200,
  "episode_rewards": [
    -1475.9194217509894,
    -651.7358325016335,
    -1070.0314204117215,
    -747.9684405494014,
    -1270.0179754961998
  ],
  "episode_steps": [
    200,
    200,
    200,
    200,
    200
  ],
  "mean_reward": -1043.134618141989,
  "best_reward": -651.7358325016335
}
