{
  "env_id": "Pendulum-v1",
  "episodes": 10,
  "max_steps_per_episode": 200,
  "episode_rewards": [
    -1320.6174737981287,
    -1377.467450232199,
    -1773.2385623050236,
    -1070.974169796534,
    -627.6071008371364,
    -1210.0021149463635,
    -1054.59083291174,
    -1841.6856512091854,
    -1478.513116562171,
    -869.811089082047
  ],
  "episode_steps": [
    200,
    200,
    200,
    200,
    200,
    200,
    200,
    200,
    200,
    200
  ],
  "mean_reward": -1262.4507561680527,
  "best_reward": -627.6071008371364
}
