{
  "env_id": "TradingEnv",
  "policy_mode": "brain",
  "episodes": 5,
  "max_steps_per_episode": 1000,
  "episode_rewards": [
    -0.6038586463633481,
    0.1755386701495881,
    -0.29663896346631563,
    -0.33870899629189816,
    0.02253320438311841
  ],
  "episode_steps": [
    1000,
    1000,
    1000,
    1000,
    1000
  ],
  "mean_reward": -0.20822694631777106,
  "best_reward": 0.1755386701495881
}
