{
  "env_id": "Pendulum-v1",
  "policy_mode": "brain",
  "episodes": 5,
  "max_steps_per_episode": 10,
  "episode_rewards": [
    -59.32127576039322,
    -0.3707240176288589,
    -68.04552053831767,
    -67.15159512733449,
    -76.40612838949582
  ],
  "episode_steps": [
    10,
    10,
    10,
    10,
    10
  ],
  "mean_reward": -54.25904876663401,
  "best_reward": -0.3707240176288589
}
