{
  "env_id": "TradingEnv",
  "episodes": 5,
  "max_steps_per_episode": 200,
  "episode_rewards": [
    0.2670773114840663,
    0.26697730648373497,
    0.26697730648373497,
    0.2671773064843991,
    0.2670773114840663
  ],
  "episode_steps": [
    200,
    200,
    200,
    200,
    200
  ],
  "mean_reward": 0.26705730848400033,
  "best_reward": 0.2671773064843991
}
