{
  "env_id": "Pendulum-v1",
  "policy_mode": "brain",
  "episodes": 5,
  "max_steps_per_episode": 10,
  "episode_rewards": [
    -77.32356929656716,
    -79.69995636991055,
    -82.6466396057983,
    -12.555071615157189,
    -72.44310553187577
  ],
  "episode_steps": [
    10,
    10,
    10,
    10,
    10
  ],
  "mean_reward": -64.9336684838618,
  "best_reward": -12.555071615157189
}
