{
  "env_id": "TradingEnv",
  "policy_mode": "brain",
  "episodes": 1,
  "max_steps_per_episode": 1000,
  "episode_rewards": [
    -0.5805092448672856
  ],
  "episode_steps": [
    1000
  ],
  "mean_reward": -0.5805092448672856,
  "best_reward": -0.5805092448672856
}
