{
  "env_id": "LunarLander-v3",
  "policy_mode": "brain",
  "episodes": 1,
  "max_steps_per_episode": 200,
  "episode_rewards": [
    -156.23291148903897
  ],
  "episode_steps": [
    86
  ],
  "mean_reward": -156.23291148903897,
  "best_reward": -156.23291148903897
}
