{
  "env_id": "LunarLander-v3",
  "policy_mode": "q_table",
  "episodes": 1,
  "max_steps_per_episode": 200,
  "episode_rewards": [
    -118.89317512521464
  ],
  "episode_steps": [
    91
  ],
  "mean_reward": -118.89317512521464,
  "best_reward": -118.89317512521464
}
