{
  "env_id": "Pendulum-v1",
  "policy_mode": "brain",
  "episodes": 1,
  "max_steps_per_episode": 200,
  "episode_rewards": [
    -1279.0161181345181
  ],
  "episode_steps": [
    200
  ],
  "mean_reward": -1279.0161181345181,
  "best_reward": -1279.0161181345181
}
