{
  "env_id": "TradingEnv",
  "episodes": 5,
  "max_steps_per_episode": 200,
  "episode_rewards": [
    0.012496249214474932,
    0.021487344976047172,
    0.25753645874550657,
    0.13331249285075086,
    0.3626956712109688
  ],
  "episode_steps": [
    200,
    200,
    200,
    200,
    200
  ],
  "mean_reward": 0.15750564339954967,
  "best_reward": 0.3626956712109688
}
