{
  "dataset": "/home/millscb/repos/htmrl/data/concat_ESData.xlsx",
  "policy_mode": "brain",
  "episodes": 5,
  "max_steps": 1000,
  "rows_used": 104178,
  "episode_rewards": [
    -0.01149719373653277,
    -0.011697193737198021,
    -0.011597188736870873,
    -0.01149719373653277,
    -0.011697193737198021
  ],
  "episode_steps": [
    1000,
    1000,
    1000,
    1000,
    1000
  ],
  "mean_reward": -0.01159719273686649,
  "best_reward": -0.01149719373653277
}
