{
  "dataset": "/home/millscb/repos/htmrl/data/concat_ESData.xlsx",
  "policy_mode": "brain",
  "episodes": 5,
  "max_steps": 1000,
  "rows_used": 104178,
  "episode_rewards": [
    -0.05356955233182075,
    -0.05496320684490097,
    -0.0540405088322455,
    -0.047136564854492344,
    -0.06052336711694071
  ],
  "episode_steps": [
    1000,
    1000,
    1000,
    1000,
    1000
  ],
  "mean_reward": -0.05404663999608006,
  "best_reward": -0.047136564854492344
}
