{
  "dataset": "/home/millscb/repos/htmrl/data/concat_ESData.xlsx",
  "policy_mode": "brain",
  "episodes": 5,
  "max_steps": 1000,
  "rows_used": 104178,
  "episode_rewards": [
    -0.05256347096027942,
    -0.05733613650637657,
    -0.050778465648892254,
    -0.0448447257716344,
    -0.053823495557317615
  ],
  "episode_steps": [
    1000,
    1000,
    1000,
    1000,
    1000
  ],
  "mean_reward": -0.05186925888890005,
  "best_reward": -0.0448447257716344
}
